KisyuCode,KS_SexCD,KS_SikakuCD,KS_MinaraiCD,KS_TozaiCD,KS_Syotai,KS_ChokyosiCode
1166,1,1,3,2,　　　　　　　　　　,0
422,1,2,0,1,　　　　　　　　　　,0
641,1,2,0,1,　　　　　　　　　　,0
652,1,1,0,2,　　　　　　　　　　,0
660,1,2,0,1,　　　　　　　　　　,0
663,1,2,0,1,　　　　　　　　　　,0
684,1,2,0,1,　　　　　　　　　　,0
689,1,2,0,1,　　　　　　　　　　,0
695,1,1,0,1,　　　　　　　　　　,0
700,1,2,0,2,　　　　　　　　　　,0
726,1,1,0,1,　　　　　　　　　　,1024
727,1,3,0,2,　　　　　　　　　　,0
732,1,2,0,2,　　　　　　　　　　,0
894,1,2,0,2,　　　　　　　　　　,0
1004,1,2,0,1,　　　　　　　　　　,0
1008,1,1,0,1,　　　　　　　　　　,0
1009,1,1,0,1,　　　　　　　　　　,0
1010,1,1,0,2,　　　　　　　　　　,0
1014,1,1,0,2,　　　　　　　　　　,0
1015,1,1,0,2,　　　　　　　　　　,0
1018,1,2,0,2,　　　　　　　　　　,0
1019,1,2,0,2,　　　　　　　　　　,0
1025,1,2,0,1,　　　　　　　　　　,0
1029,1,1,0,1,　　　　　　　　　　,0
1030,1,2,0,2,　　　　　　　　　　,0
1031,1,2,0,1,　　　　　　　　　　,0
1032,1,2,0,2,　　　　　　　　　　,0
1034,1,2,0,2,　　　　　　　　　　,0
1035,1,1,0,2,　　　　　　　　　　,0
1036,1,2,0,2,　　　　　　　　　　,0
1037,1,1,0,2,　　　　　　　　　　,0
1043,1,1,0,1,　　　　　　　　　　,0
1046,1,1,0,2,　　　　　　　　　　,0
1051,1,1,0,1,　　　　　　　　　　,0
1052,1,3,0,1,　　　　　　　　　　,0
1057,1,1,0,2,　　　　　　　　　　,0
1059,1,1,0,1,　　　　　　　　　　,0
1061,1,1,0,1,　　　　　　　　　　,0
1062,1,1,0,2,　　　　　　　　　　,0
1063,1,1,0,2,　　　　　　　　　　,0
1066,1,1,0,2,　　　　　　　　　　,0
1067,1,3,0,2,　　　　　　　　　　,0
1068,1,1,0,1,　　　　　　　　　　,0
1069,1,1,0,1,　　　　　　　　　　,0
1075,1,2,0,1,　　　　　　　　　　,0
1077,1,2,0,1,　　　　　　　　　　,0
1080,1,1,0,2,　　　　　　　　　　,0
1085,1,2,0,1,　　　　　　　　　　,0
1087,1,1,0,1,　　　　　　　　　　,0
1088,1,2,0,2,　　　　　　　　　　,0
1089,1,1,0,1,　　　　　　　　　　,0
1091,1,1,0,1,　　　　　　　　　　,0
1092,1,2,0,1,　　　　　　　　　　,0
1093,1,2,0,2,　　　　　　　　　　,0
1095,1,1,0,1,　　　　　　　　　　,0
1096,1,2,0,1,　　　　　　　　　　,0
1099,1,1,0,2,　　　　　　　　　　,0
1101,1,1,0,2,　　　　　　　　　　,1149
1102,1,2,0,2,　　　　　　　　　　,0
1108,1,1,0,1,　　　　　　　　　　,0
1109,1,1,0,1,　　　　　　　　　　,0
1112,1,1,0,2,　　　　　　　　　　,0
1113,1,1,0,1,　　　　　　　　　　,1102
1114,1,1,0,2,　　　　　　　　　　,0
1115,1,2,0,2,　　　　　　　　　　,0
1116,1,2,0,2,　　　　　　　　　　,0
1117,1,1,0,1,　　　　　　　　　　,0
1118,1,2,0,1,　　　　　　　　　　,0
1119,1,1,0,1,　　　　　　　　　　,0
1120,1,1,0,1,　　　　　　　　　　,0
1122,1,2,0,1,　　　　　　　　　　,1097
1123,1,1,0,1,　　　　　　　　　　,1126
1124,1,1,0,2,　　　　　　　　　　,0
1125,1,1,0,2,　　　　　　　　　　,0
1126,1,2,0,2,　　　　　　　　　　,0
1127,1,1,0,1,　　　　　　　　　　,1029
1128,1,1,0,2,　　　　　　　　　　,0
1129,1,1,0,1,　　　　　　　　　　,0
1130,1,1,0,2,　　　　　　　　　　,0
1131,1,1,0,1,　　　　　　　　　　,1059
1133,1,1,0,2,　　　　　　　　　　,1071
1134,1,1,0,1,　　　　　　　　　　,1038
1135,1,1,0,1,　　　　　　　　　　,386
1138,1,1,0,2,　　　　　　　　　　,1082
1139,1,1,0,2,　　　　　　　　　　,1083
1140,1,1,0,1,　　　　　　　　　　,0
1142,1,1,0,1,　　　　　　　　　　,0
1143,1,1,0,1,　　　　　　　　　　,0
1144,1,1,0,2,　　　　　　　　　　,1066
1146,1,1,0,2,　　　　　　　　　　,0
1147,1,1,0,2,　　　　　　　　　　,0
1149,1,1,0,1,　　　　　　　　　　,0
1150,1,1,0,1,　　　　　　　　　　,1020
1151,1,1,1,1,　　　　　　　　　　,0
1152,1,1,1,2,　　　　　　　　　　,0
1153,1,1,1,1,　　　　　　　　　　,1097
1154,1,2,0,2,　　　　　　　　　　,1002
1155,1,1,1,2,　　　　　　　　　　,365
1156,1,1,1,2,　　　　　　　　　　,1087
1157,1,1,0,2,　　　　　　　　　　,411
1159,1,1,3,2,　　　　　　　　　　,0
1160,1,1,1,2,　　　　　　　　　　,1110
1162,1,1,1,1,　　　　　　　　　　,1106
1164,2,1,3,1,　　　　　　　　　　,1029
1165,1,1,2,2,　　　　　　　　　　,0
1167,1,1,3,1,　　　　　　　　　　,386
1168,1,1,2,2,　　　　　　　　　　,1033
1169,1,1,2,1,　　　　　　　　　　,1094
1170,1,1,3,1,　　　　　　　　　　,1026
1171,1,1,3,2,　　　　　　　　　　,1009
1172,1,1,3,2,　　　　　　　　　　,1057
1173,1,1,3,1,　　　　　　　　　　,1005
5203,1,2,0,2,　　　　　　　　　　,0
5212,1,2,0,2,　　　　　　　　　　,0
5339,1,2,0,2,　　　　　　　　　　,0
5386,1,2,0,1,　　　　　　　　　　,1112
5429,1,2,0,2,　　　　　　　　　　,0
5529,1,2,0,4,オーストラリア　　　,0
655,1,3,0,2,　　　　　　　　　　,0
666,1,2,0,2,　　　　　　　　　　,0
691,1,3,0,2,　　　　　　　　　　,0
722,1,1,0,2,　　　　　　　　　　,0
1005,1,3,0,2,　　　　　　　　　　,1044
1072,1,1,0,2,　　　　　　　　　　,0
1161,1,1,2,1,　　　　　　　　　　,1115
1105,1,1,0,2,　　　　　　　　　　,0
1163,1,1,1,2,　　　　　　　　　　,1075
102,1,0,0,2,中山　　　　　　　　,0
103,1,2,0,1,　　　　　　　　　　,0
104,1,0,0,1,　　　　　　　　　　,0
105,1,0,0,2,　　　　　　　　　　,0
106,1,0,0,2,　　　　　　　　　　,0
108,1,2,0,2,　　　　　　　　　　,0
109,1,0,0,2,　　　　　　　　　　,0
110,1,2,0,1,　　　　　　　　　　,0
113,1,0,0,2,　　　　　　　　　　,0
114,1,2,0,2,　　　　　　　　　　,0
115,1,2,0,1,　　　　　　　　　　,0
116,1,2,0,1,　　　　　　　　　　,0
117,1,0,0,1,　　　　　　　　　　,0
119,1,1,0,2,　　　　　　　　　　,0
120,1,0,0,2,中山　　　　　　　　,0
121,1,0,0,2,東京　　　　　　　　,0
123,1,2,0,2,　　　　　　　　　　,0
126,1,2,0,2,　　　　　　　　　　,0
128,1,2,0,2,　　　　　　　　　　,0
130,1,0,0,2,　　　　　　　　　　,0
133,1,1,0,1,　　　　　　　　　　,0
134,1,0,0,2,　　　　　　　　　　,0
135,1,2,0,2,　　　　　　　　　　,0
136,1,2,0,1,　　　　　　　　　　,0
140,1,2,0,1,　　　　　　　　　　,0
142,1,3,0,2,　　　　　　　　　　,0
143,1,0,0,2,　　　　　　　　　　,0
145,1,2,0,1,　　　　　　　　　　,0
149,1,0,0,2,　　　　　　　　　　,0
151,1,0,0,1,　　　　　　　　　　,0
152,1,2,0,2,　　　　　　　　　　,0
153,1,2,0,1,　　　　　　　　　　,0
154,1,0,0,2,　　　　　　　　　　,0
155,1,2,0,2,　　　　　　　　　　,0
156,1,0,0,2,　　　　　　　　　　,0
157,1,2,0,2,　　　　　　　　　　,0
159,1,2,0,1,　　　　　　　　　　,0
163,1,2,0,1,　　　　　　　　　　,0
164,1,2,0,2,　　　　　　　　　　,0
166,1,2,0,1,　　　　　　　　　　,0
168,1,0,0,1,　　　　　　　　　　,0
169,1,1,0,1,　　　　　　　　　　,0
171,1,2,0,1,　　　　　　　　　　,0
172,1,0,0,2,　　　　　　　　　　,0
173,1,0,0,2,中山　　　　　　　　,0
174,1,0,0,2,　　　　　　　　　　,0
175,1,2,0,2,　　　　　　　　　　,0
176,1,2,0,2,　　　　　　　　　　,0
177,1,0,0,1,　　　　　　　　　　,0
179,1,2,0,2,　　　　　　　　　　,0
181,1,0,0,2,　　　　　　　　　　,0
182,1,0,0,2,東京　　　　　　　　,0
183,1,2,0,2,　　　　　　　　　　,0
184,1,0,0,2,　　　　　　　　　　,0
186,1,2,0,1,　　　　　　　　　　,0
187,1,2,0,1,　　　　　　　　　　,0
188,1,2,0,2,　　　　　　　　　　,0
189,1,2,0,1,　　　　　　　　　　,0
190,1,0,0,1,　　　　　　　　　　,0
191,1,0,0,2,　　　　　　　　　　,0
192,1,2,0,2,　　　　　　　　　　,0
193,1,0,0,2,東京　　　　　　　　,0
196,1,0,0,1,　　　　　　　　　　,0
197,1,0,0,1,　　　　　　　　　　,0
198,1,2,0,2,　　　　　　　　　　,0
199,1,0,0,2,中山　　　　　　　　,0
200,1,0,0,2,　　　　　　　　　　,0
202,1,2,0,1,　　　　　　　　　　,0
203,1,0,0,1,　　　　　　　　　　,0
204,1,0,0,1,　　　　　　　　　　,0
207,1,2,0,2,　　　　　　　　　　,0
208,1,0,0,2,　　　　　　　　　　,0
209,1,2,0,2,　　　　　　　　　　,0
210,1,0,0,1,　　　　　　　　　　,0
213,1,2,0,1,　　　　　　　　　　,0
214,1,2,0,2,　　　　　　　　　　,0
215,1,0,0,1,　　　　　　　　　　,0
216,1,0,0,2,　　　　　　　　　　,0
217,1,2,0,2,　　　　　　　　　　,0
218,1,2,0,2,　　　　　　　　　　,0
221,1,0,0,2,　　　　　　　　　　,0
222,1,2,0,2,　　　　　　　　　　,0
223,1,2,0,2,　　　　　　　　　　,0
225,1,0,0,1,　　　　　　　　　　,0
227,1,2,0,2,　　　　　　　　　　,0
228,1,0,0,2,　　　　　　　　　　,0
229,1,2,0,1,　　　　　　　　　　,0
230,1,2,0,1,　　　　　　　　　　,0
231,1,0,0,1,　　　　　　　　　　,0
232,1,0,0,1,　　　　　　　　　　,0
233,1,1,0,1,　　　　　　　　　　,0
235,1,2,0,1,　　　　　　　　　　,0
237,1,2,0,1,　　　　　　　　　　,0
238,1,3,0,1,　　　　　　　　　　,0
241,1,0,0,2,　　　　　　　　　　,0
242,1,2,0,1,　　　　　　　　　　,0
243,1,0,0,1,　　　　　　　　　　,0
244,1,1,0,1,　　　　　　　　　　,0
245,1,2,0,2,　　　　　　　　　　,0
246,1,2,0,1,　　　　　　　　　　,0
247,1,2,0,2,　　　　　　　　　　,0
248,1,2,0,1,　　　　　　　　　　,0
249,1,2,0,1,　　　　　　　　　　,0
252,1,1,0,1,　　　　　　　　　　,0
254,1,2,0,2,　　　　　　　　　　,0
255,1,3,0,2,　　　　　　　　　　,0
256,1,0,0,1,　　　　　　　　　　,0
257,1,2,0,2,　　　　　　　　　　,0
258,1,2,0,2,　　　　　　　　　　,0
259,1,0,0,1,　　　　　　　　　　,0
260,1,0,0,2,中山　　　　　　　　,0
262,1,0,0,2,　　　　　　　　　　,0
263,1,0,0,2,　　　　　　　　　　,0
264,1,0,0,1,　　　　　　　　　　,0
266,1,0,0,1,　　　　　　　　　　,0
268,1,3,0,2,　　　　　　　　　　,0
271,1,3,0,2,　　　　　　　　　　,0
272,1,0,0,2,　　　　　　　　　　,0
274,1,0,0,2,　　　　　　　　　　,0
277,1,0,0,2,中山　　　　　　　　,0
278,1,0,0,2,　　　　　　　　　　,0
281,1,1,0,1,　　　　　　　　　　,0
282,1,2,0,1,　　　　　　　　　　,0
284,1,2,0,2,　　　　　　　　　　,0
285,1,2,0,1,　　　　　　　　　　,0
286,1,2,0,1,　　　　　　　　　　,0
289,1,0,0,2,　　　　　　　　　　,0
293,1,0,0,2,　　　　　　　　　　,0
294,1,0,0,2,　　　　　　　　　　,0
296,1,2,0,2,　　　　　　　　　　,0
297,1,1,0,1,　　　　　　　　　　,0
298,1,2,0,2,　　　　　　　　　　,0
299,1,2,0,1,　　　　　　　　　　,0
301,1,2,0,1,　　　　　　　　　　,0
302,1,2,0,2,　　　　　　　　　　,0
303,1,2,0,2,　　　　　　　　　　,0
305,1,0,0,1,　　　　　　　　　　,0
306,1,0,0,2,　　　　　　　　　　,0
307,1,2,0,1,　　　　　　　　　　,0
308,1,0,0,2,　　　　　　　　　　,0
309,1,0,0,2,東京　　　　　　　　,0
310,1,0,0,1,　　　　　　　　　　,0
311,1,0,0,2,　　　　　　　　　　,0
312,1,0,0,1,　　　　　　　　　　,0
313,1,0,0,1,　　　　　　　　　　,0
314,1,0,0,1,　　　　　　　　　　,0
317,1,2,0,2,　　　　　　　　　　,0
318,1,2,0,1,　　　　　　　　　　,0
319,1,0,0,1,　　　　　　　　　　,0
320,1,0,0,2,　　　　　　　　　　,0
322,1,2,0,1,　　　　　　　　　　,0
323,1,2,0,2,　　　　　　　　　　,0
324,1,0,0,2,　　　　　　　　　　,0
326,1,0,0,1,　　　　　　　　　　,0
328,1,2,0,1,　　　　　　　　　　,0
329,1,2,0,1,　　　　　　　　　　,0
330,1,0,0,2,　　　　　　　　　　,0
331,1,0,0,1,　　　　　　　　　　,0
332,1,2,0,2,　　　　　　　　　　,0
333,1,2,0,2,　　　　　　　　　　,0
334,1,0,0,2,　　　　　　　　　　,0
335,1,0,0,1,　　　　　　　　　　,0
337,1,2,0,2,　　　　　　　　　　,0
338,1,0,0,1,　　　　　　　　　　,0
339,1,2,0,1,　　　　　　　　　　,0
340,1,2,0,2,　　　　　　　　　　,0
341,1,0,0,2,　　　　　　　　　　,0
342,1,2,0,1,　　　　　　　　　　,0
343,1,2,0,1,　　　　　　　　　　,0
345,1,2,0,1,　　　　　　　　　　,0
346,1,0,0,1,　　　　　　　　　　,0
347,1,2,0,2,　　　　　　　　　　,0
348,1,1,0,1,　　　　　　　　　　,0
349,1,2,0,2,　　　　　　　　　　,0
350,1,0,0,2,　　　　　　　　　　,0
351,1,2,0,2,　　　　　　　　　　,0
352,1,2,0,2,　　　　　　　　　　,0
353,1,2,0,1,　　　　　　　　　　,0
354,1,2,0,1,　　　　　　　　　　,0
355,1,1,0,2,　　　　　　　　　　,0
356,1,2,0,1,　　　　　　　　　　,0
358,1,3,0,1,　　　　　　　　　　,0
359,1,2,0,2,　　　　　　　　　　,0
360,1,0,0,1,　　　　　　　　　　,0
361,1,3,0,2,　　　　　　　　　　,0
362,1,2,0,1,　　　　　　　　　　,0
363,1,2,0,2,　　　　　　　　　　,0
364,1,2,0,2,　　　　　　　　　　,0
365,1,2,0,2,　　　　　　　　　　,0
366,1,2,0,1,　　　　　　　　　　,0
367,1,2,0,2,　　　　　　　　　　,0
368,1,0,0,2,　　　　　　　　　　,0
369,1,2,0,1,　　　　　　　　　　,0
370,1,3,0,1,　　　　　　　　　　,0
371,1,0,0,1,　　　　　　　　　　,0
372,1,2,0,1,　　　　　　　　　　,0
373,1,0,0,2,　　　　　　　　　　,0
374,1,0,0,2,　　　　　　　　　　,0
375,1,2,0,2,　　　　　　　　　　,0
376,1,2,0,1,　　　　　　　　　　,0
377,1,3,0,1,　　　　　　　　　　,0
379,1,2,0,2,　　　　　　　　　　,0
380,1,2,0,2,　　　　　　　　　　,0
381,1,0,0,2,　　　　　　　　　　,0
382,1,2,0,2,　　　　　　　　　　,0
383,1,3,0,1,　　　　　　　　　　,0
384,1,0,0,2,東京　　　　　　　　,0
385,1,2,0,2,　　　　　　　　　　,0
392,1,2,0,1,　　　　　　　　　　,0
393,1,2,0,1,　　　　　　　　　　,0
394,1,0,0,1,　　　　　　　　　　,0
395,1,2,0,2,　　　　　　　　　　,0
396,1,2,0,2,　　　　　　　　　　,0
397,1,2,0,1,　　　　　　　　　　,0
398,1,2,0,2,　　　　　　　　　　,0
399,1,2,0,2,　　　　　　　　　　,0
400,1,2,0,3,北海道　　　　　　　,0
401,1,2,0,3,北海道　　　　　　　,0
402,1,2,0,3,　　　　　　　　　　,0
403,1,2,0,3,北海道　　　　　　　,0
405,1,2,0,3,笠松　　　　　　　　,0
406,1,2,0,3,　　　　　　　　　　,0
407,1,2,0,3,　　　　　　　　　　,0
408,1,2,0,3,兵庫　　　　　　　　,0
409,1,2,0,3,佐賀　　　　　　　　,0
410,1,2,0,3,笠松　　　　　　　　,0
411,1,2,0,3,岩手　　　　　　　　,0
412,1,2,0,3,　　　　　　　　　　,0
413,1,2,0,3,北海道　　　　　　　,0
414,1,2,0,3,上山　　　　　　　　,0
415,1,2,0,3,愛知　　　　　　　　,0
416,1,2,0,3,　　　　　　　　　　,0
417,1,2,0,3,笠松　　　　　　　　,0
418,1,2,0,3,愛知　　　　　　　　,0
419,1,2,0,3,荒尾　　　　　　　　,0
420,1,2,0,3,佐賀　　　　　　　　,0
421,1,2,0,3,荒尾　　　　　　　　,0
423,1,2,0,3,船橋　　　　　　　　,0
424,1,2,0,3,浦和　　　　　　　　,0
425,1,2,0,3,　　　　　　　　　　,0
426,1,2,0,3,船橋　　　　　　　　,0
427,1,2,0,3,荒尾　　　　　　　　,0
428,1,2,0,3,荒尾　　　　　　　　,0
429,1,2,0,3,笠松　　　　　　　　,0
430,1,2,0,4,ニュージーランド　　,0
431,1,2,0,4,イギリス　　　　　　,0
432,1,2,0,4,フランス　　　　　　,0
433,1,2,0,4,イギリス　　　　　　,0
434,1,3,0,4,オーストラリア　　　,0
435,1,3,0,4,オーストラリア　　　,0
436,1,3,0,4,オーストラリア　　　,0
437,1,3,0,4,オーストラリア　　　,0
438,1,2,0,3,北海道　　　　　　　,0
439,1,2,0,3,北海道　　　　　　　,0
440,1,2,0,3,北海道　　　　　　　,0
441,1,2,0,3,船橋　　　　　　　　,0
442,1,2,0,3,栃木　　　　　　　　,0
443,1,2,0,3,北海道　　　　　　　,0
444,2,2,0,4,ニュージーランド　　,0
500,1,2,0,1,　　　　　　　　　　,0
501,1,2,0,1,　　　　　　　　　　,0
502,1,2,0,1,　　　　　　　　　　,0
503,1,2,0,1,　　　　　　　　　　,0
504,1,2,0,2,　　　　　　　　　　,0
505,1,0,0,2,　　　　　　　　　　,0
512,1,2,0,1,　　　　　　　　　　,0
513,1,3,0,1,　　　　　　　　　　,0
514,1,1,0,1,　　　　　　　　　　,0
515,1,2,0,2,　　　　　　　　　　,0
516,1,2,0,2,　　　　　　　　　　,0
517,1,0,0,1,　　　　　　　　　　,0
518,1,2,0,1,　　　　　　　　　　,0
519,1,2,0,2,　　　　　　　　　　,0
520,1,2,0,2,　　　　　　　　　　,0
521,1,2,0,1,　　　　　　　　　　,0
522,1,2,0,1,　　　　　　　　　　,0
523,1,3,0,1,　　　　　　　　　　,0
524,1,3,0,2,　　　　　　　　　　,0
525,1,1,0,2,　　　　　　　　　　,0
526,1,2,0,1,　　　　　　　　　　,0
527,1,1,0,1,　　　　　　　　　　,0
534,1,0,0,2,　　　　　　　　　　,0
535,1,3,0,1,　　　　　　　　　　,0
536,1,0,0,1,　　　　　　　　　　,0
537,1,2,0,1,　　　　　　　　　　,0
538,1,2,0,2,　　　　　　　　　　,0
539,1,2,0,2,　　　　　　　　　　,0
540,1,2,0,2,　　　　　　　　　　,0
541,1,0,0,1,　　　　　　　　　　,0
542,1,2,0,1,　　　　　　　　　　,0
543,1,2,0,1,　　　　　　　　　　,0
544,1,2,0,2,　　　　　　　　　　,0
545,1,1,0,1,　　　　　　　　　　,0
546,1,0,0,1,　　　　　　　　　　,0
557,1,2,0,2,　　　　　　　　　　,0
558,1,2,0,2,　　　　　　　　　　,0
559,1,2,0,1,　　　　　　　　　　,0
560,1,3,0,1,　　　　　　　　　　,0
561,1,3,0,2,　　　　　　　　　　,0
562,1,3,0,2,　　　　　　　　　　,0
563,1,3,0,2,　　　　　　　　　　,0
564,1,2,0,2,　　　　　　　　　　,0
565,1,1,0,1,　　　　　　　　　　,0
566,1,2,0,1,　　　　　　　　　　,0
567,1,1,0,1,　　　　　　　　　　,0
568,1,2,0,2,　　　　　　　　　　,0
569,1,2,0,2,　　　　　　　　　　,0
570,1,2,0,1,　　　　　　　　　　,0
571,1,2,0,1,　　　　　　　　　　,0
572,1,2,0,2,　　　　　　　　　　,0
573,1,2,0,1,　　　　　　　　　　,0
574,1,2,0,3,　　　　　　　　　　,0
575,1,2,0,3,北海道　　　　　　　,0
576,1,2,0,3,北海道　　　　　　　,0
577,1,2,0,3,大井　　　　　　　　,0
578,1,2,0,3,北海道　　　　　　　,0
579,1,2,0,3,北海道　　　　　　　,0
580,1,2,0,3,北海道　　　　　　　,0
581,1,2,0,3,大井　　　　　　　　,0
582,1,2,0,3,川崎　　　　　　　　,0
583,1,2,0,2,　　　　　　　　　　,0
584,1,3,0,2,　　　　　　　　　　,0
585,1,2,0,2,　　　　　　　　　　,0
586,1,2,0,1,　　　　　　　　　　,0
587,1,1,0,1,　　　　　　　　　　,0
588,1,2,0,2,　　　　　　　　　　,0
589,1,1,0,1,　　　　　　　　　　,0
590,1,1,0,1,　　　　　　　　　　,0
591,1,1,0,1,　　　　　　　　　　,0
592,1,2,0,2,　　　　　　　　　　,0
593,1,0,0,2,　　　　　　　　　　,0
594,1,2,0,2,　　　　　　　　　　,0
595,1,2,0,2,　　　　　　　　　　,0
596,1,0,0,1,　　　　　　　　　　,0
597,1,2,0,1,　　　　　　　　　　,0
598,1,1,0,2,　　　　　　　　　　,0
599,1,0,0,2,　　　　　　　　　　,0
600,1,2,0,2,　　　　　　　　　　,0
601,1,2,0,2,　　　　　　　　　　,0
602,1,2,0,1,　　　　　　　　　　,0
603,1,2,0,2,　　　　　　　　　　,0
604,1,1,0,2,　　　　　　　　　　,0
605,1,2,0,1,　　　　　　　　　　,0
606,1,2,0,2,　　　　　　　　　　,0
607,1,2,0,1,　　　　　　　　　　,0
608,1,1,0,2,　　　　　　　　　　,0
609,1,1,0,1,　　　　　　　　　　,0
610,1,2,0,2,　　　　　　　　　　,0
611,1,1,0,2,　　　　　　　　　　,0
612,1,2,0,1,　　　　　　　　　　,0
613,1,1,0,2,　　　　　　　　　　,0
614,1,2,0,1,　　　　　　　　　　,0
615,1,1,0,1,　　　　　　　　　　,0
616,1,1,0,1,　　　　　　　　　　,0
617,1,2,0,2,　　　　　　　　　　,0
618,1,3,0,1,　　　　　　　　　　,0
619,1,3,0,1,　　　　　　　　　　,0
620,1,2,0,2,　　　　　　　　　　,0
621,1,2,0,1,　　　　　　　　　　,0
622,1,1,0,1,　　　　　　　　　　,0
623,1,2,0,2,　　　　　　　　　　,0
624,1,2,0,1,　　　　　　　　　　,0
625,1,1,0,2,　　　　　　　　　　,0
626,1,2,0,2,　　　　　　　　　　,0
627,1,3,0,2,　　　　　　　　　　,0
628,1,1,0,2,　　　　　　　　　　,0
629,1,1,0,1,　　　　　　　　　　,0
630,1,2,0,1,　　　　　　　　　　,0
631,1,2,0,1,　　　　　　　　　　,0
632,1,1,0,1,　　　　　　　　　　,0
633,1,2,0,1,　　　　　　　　　　,0
634,1,1,0,2,　　　　　　　　　　,0
635,1,2,0,1,　　　　　　　　　　,0
636,1,1,1,1,　　　　　　　　　　,0
637,1,2,0,2,　　　　　　　　　　,0
638,1,2,0,1,　　　　　　　　　　,0
639,1,2,0,2,　　　　　　　　　　,0
640,1,2,0,2,　　　　　　　　　　,0
642,1,2,0,2,　　　　　　　　　　,0
643,1,1,0,2,　　　　　　　　　　,0
644,1,1,3,2,　　　　　　　　　　,0
645,1,2,0,1,　　　　　　　　　　,0
646,1,1,2,2,　　　　　　　　　　,0
647,1,2,0,1,　　　　　　　　　　,0
648,1,2,0,2,　　　　　　　　　　,0
649,1,3,0,2,　　　　　　　　　　,0
650,1,1,0,2,　　　　　　　　　　,0
651,1,2,0,2,　　　　　　　　　　,0
653,1,1,0,2,　　　　　　　　　　,0
654,1,3,0,1,　　　　　　　　　　,0
656,1,1,0,1,　　　　　　　　　　,0
657,1,2,0,2,　　　　　　　　　　,0
658,1,2,0,1,　　　　　　　　　　,0
659,1,1,3,1,　　　　　　　　　　,0
661,1,2,0,2,　　　　　　　　　　,0
662,1,1,0,1,　　　　　　　　　　,0
664,1,1,0,2,　　　　　　　　　　,0
665,1,2,0,2,　　　　　　　　　　,0
667,1,2,0,1,　　　　　　　　　　,0
668,1,1,0,1,　　　　　　　　　　,0
669,1,1,0,1,　　　　　　　　　　,0
670,1,1,0,2,　　　　　　　　　　,0
671,1,1,0,2,　　　　　　　　　　,0
672,1,2,0,1,　　　　　　　　　　,0
673,1,2,0,2,　　　　　　　　　　,0
674,1,2,0,2,　　　　　　　　　　,0
675,1,2,0,2,　　　　　　　　　　,0
676,1,2,0,1,　　　　　　　　　　,0
677,1,1,0,2,　　　　　　　　　　,0
678,1,2,0,1,　　　　　　　　　　,0
679,1,2,0,1,　　　　　　　　　　,0
680,1,1,0,2,　　　　　　　　　　,0
681,1,1,0,2,　　　　　　　　　　,0
682,1,2,0,2,　　　　　　　　　　,0
683,1,2,0,1,　　　　　　　　　　,0
685,1,2,0,2,　　　　　　　　　　,0
686,1,1,0,1,　　　　　　　　　　,0
687,1,1,0,1,　　　　　　　　　　,0
688,1,2,0,2,　　　　　　　　　　,0
690,1,1,0,2,　　　　　　　　　　,0
692,1,1,0,2,　　　　　　　　　　,0
693,1,1,0,1,　　　　　　　　　　,0
694,1,1,1,1,　　　　　　　　　　,0
696,1,1,0,2,　　　　　　　　　　,0
697,1,1,0,2,　　　　　　　　　　,0
698,1,1,0,2,　　　　　　　　　　,0
699,1,1,0,1,　　　　　　　　　　,0
701,1,1,0,1,　　　　　　　　　　,0
702,1,2,0,1,　　　　　　　　　　,0
703,1,2,0,1,　　　　　　　　　　,0
704,1,1,0,2,　　　　　　　　　　,0
705,1,2,0,2,　　　　　　　　　　,0
706,1,1,0,2,　　　　　　　　　　,0
707,1,2,0,1,　　　　　　　　　　,0
708,1,2,0,2,　　　　　　　　　　,0
709,1,2,0,2,　　　　　　　　　　,0
710,1,2,0,2,　　　　　　　　　　,0
711,1,2,0,1,　　　　　　　　　　,0
712,1,1,0,1,　　　　　　　　　　,0
713,1,2,0,2,　　　　　　　　　　,0
714,1,2,0,2,　　　　　　　　　　,0
715,1,1,0,1,　　　　　　　　　　,0
716,1,1,0,1,　　　　　　　　　　,0
717,1,2,0,1,　　　　　　　　　　,0
718,1,2,0,2,　　　　　　　　　　,0
719,1,1,0,1,　　　　　　　　　　,0
720,1,1,0,1,　　　　　　　　　　,0
721,1,1,0,2,　　　　　　　　　　,0
723,1,2,0,1,　　　　　　　　　　,0
724,1,1,0,2,　　　　　　　　　　,0
725,1,1,0,1,　　　　　　　　　　,0
728,1,1,0,2,　　　　　　　　　　,0
729,1,1,0,1,　　　　　　　　　　,0
730,1,1,0,1,　　　　　　　　　　,0
731,1,1,0,1,　　　　　　　　　　,0
733,1,1,0,1,　　　　　　　　　　,0
734,1,1,0,2,　　　　　　　　　　,0
800,1,2,0,3,　　　　　　　　　　,0
801,1,2,0,3,川崎　　　　　　　　,0
802,1,2,0,3,　　　　　　　　　　,0
803,1,2,0,3,　　　　　　　　　　,0
804,1,2,0,3,新潟　　　　　　　　,0
805,1,2,0,4,オーストラリア　　　,0
806,1,2,0,4,ニュージランド　　　,0
807,1,2,0,4,西独　　　　　　　　,0
808,1,2,0,4,　　　　　　　　　　,0
810,1,2,0,4,アメリカ　　　　　　,0
811,1,2,0,4,フランス　　　　　　,0
812,1,2,0,4,　　　　　　　　　　,0
813,1,2,0,4,イギリス　　　　　　,0
814,1,2,0,4,　　　　　　　　　　,0
815,1,2,0,3,兵庫　　　　　　　　,0
816,1,2,0,3,　　　　　　　　　　,0
817,1,2,0,3,大井　　　　　　　　,0
818,1,2,0,3,　　　　　　　　　　,0
819,1,2,0,4,ニュージーランド　　,0
820,1,2,0,4,　　　　　　　　　　,0
821,1,2,0,4,　　　　　　　　　　,0
822,1,2,0,4,　　　　　　　　　　,0
823,1,2,0,4,香港　　　　　　　　,0
824,1,2,0,4,アメリカ　　　　　　,0
825,1,2,0,3,船橋　　　　　　　　,0
826,1,2,0,3,笠松　　　　　　　　,0
827,1,2,0,4,　　　　　　　　　　,0
828,1,2,0,4,　　　　　　　　　　,0
830,1,2,0,4,アメリカ　　　　　　,0
831,1,2,0,4,　　　　　　　　　　,0
832,1,2,0,4,　　　　　　　　　　,0
833,1,2,0,4,　　　　　　　　　　,0
834,1,2,0,4,　　　　　　　　　　,0
835,1,2,0,4,　　　　　　　　　　,0
836,1,2,0,2,　　　　　　　　　　,0
837,1,2,0,3,北海道　　　　　　　,0
838,1,2,0,3,高崎　　　　　　　　,0
839,1,2,0,3,愛知　　　　　　　　,0
840,1,2,0,3,　　　　　　　　　　,0
841,1,2,0,3,北海道　　　　　　　,0
842,1,2,0,4,　　　　　　　　　　,0
843,1,2,0,4,フランス　　　　　　,0
844,1,2,0,4,　　　　　　　　　　,0
845,1,2,0,4,　　　　　　　　　　,0
846,1,2,0,4,　　　　　　　　　　,0
847,1,2,0,4,アメリカ　　　　　　,0
848,1,2,0,4,イギリス　　　　　　,0
849,1,2,0,4,　　　　　　　　　　,0
850,1,2,0,4,　　　　　　　　　　,0
851,1,2,0,3,　　　　　　　　　　,0
852,1,2,0,3,　　　　　　　　　　,0
853,1,2,0,3,川崎　　　　　　　　,0
854,1,2,0,3,大井　　　　　　　　,0
855,1,2,0,4,イギリス　　　　　　,0
856,1,2,0,4,アメリカ　　　　　　,0
857,1,2,0,4,アメリカ　　　　　　,0
860,1,2,0,3,　　　　　　　　　　,0
861,1,2,0,3,佐賀　　　　　　　　,0
862,1,2,0,3,佐賀　　　　　　　　,0
863,1,2,0,3,船橋　　　　　　　　,0
864,1,2,0,3,川崎　　　　　　　　,0
865,1,2,0,4,フランス　　　　　　,0
866,2,2,0,4,　　　　　　　　　　,0
867,1,2,0,4,アメリカ　　　　　　,0
868,1,2,0,4,アメリカ　　　　　　,0
869,1,2,0,4,　　　　　　　　　　,0
870,1,2,0,4,　　　　　　　　　　,0
871,1,2,0,4,　　　　　　　　　　,0
872,1,2,0,3,大井　　　　　　　　,0
873,1,2,0,3,東北　　　　　　　　,0
874,1,2,0,3,大井　　　　　　　　,0
875,1,2,0,4,イギリス　　　　　　,0
876,1,2,0,4,　　　　　　　　　　,0
877,1,2,0,4,イギリス　　　　　　,0
878,1,2,0,4,フランス　　　　　　,0
879,1,2,0,4,アメリカ　　　　　　,0
880,1,2,0,4,オーストラリア　　　,0
881,1,2,0,4,イギリス　　　　　　,0
882,1,2,0,4,アイルランド　　　　,0
883,1,2,0,4,アメリカ　　　　　　,0
884,1,2,0,4,カナダ　　　　　　　,0
885,1,2,0,4,オーストラリア　　　,0
886,1,2,0,3,金沢　　　　　　　　,0
887,1,2,0,4,イギリス　　　　　　,0
888,1,2,0,4,オーストラリア　　　,0
889,1,2,0,4,フランス　　　　　　,0
890,1,2,0,4,イギリス　　　　　　,0
891,1,2,0,4,アメリカ　　　　　　,0
892,1,2,0,4,　　　　　　　　　　,0
893,1,2,0,4,　　　　　　　　　　,0
895,1,2,0,4,オーストラリア　　　,0
896,1,2,0,4,香港　　　　　　　　,0
897,1,2,0,4,アメリカ　　　　　　,0
898,1,2,0,4,　　　　　　　　　　,0
899,1,2,0,4,香港　　　　　　　　,0
901,1,1,0,3,大井　　　　　　　　,0
907,1,2,0,3,船橋　　　　　　　　,0
908,1,2,0,3,　　　　　　　　　　,0
912,1,2,0,3,　　　　　　　　　　,0
914,1,2,0,3,大井　　　　　　　　,0
920,1,2,0,3,　　　　　　　　　　,0
923,1,2,0,4,　　　　　　　　　　,0
924,1,2,0,4,オーストラリア　　　,0
925,1,2,0,4,オーストラリア　　　,0
926,1,2,0,4,　　　　　　　　　　,0
927,1,2,0,4,西独　　　　　　　　,0
928,1,2,0,4,アメリカ　　　　　　,0
929,1,2,0,4,カナダ　　　　　　　,0
931,1,1,0,4,　　　　　　　　　　,0
932,1,1,0,4,バーレーン　　　　　,0
933,1,1,0,4,香港　　　　　　　　,0
934,1,2,0,4,インド　　　　　　　,0
935,1,1,0,4,韓国　　　　　　　　,0
936,1,1,0,4,　　　　　　　　　　,0
937,1,2,0,4,　　　　　　　　　　,0
938,1,1,0,4,フィリピン　　　　　,0
939,1,1,0,4,トルコ　　　　　　　,0
940,1,2,0,3,　　　　　　　　　　,0
942,1,2,0,3,浦和　　　　　　　　,0
943,1,2,0,3,船橋　　　　　　　　,0
944,1,2,0,3,高知　　　　　　　　,0
945,1,2,0,2,　　　　　　　　　　,0
946,1,2,0,3,愛知　　　　　　　　,0
948,1,2,0,3,　　　　　　　　　　,0
949,1,2,0,3,　　　　　　　　　　,0
950,1,2,0,3,　　　　　　　　　　,0
951,1,2,0,3,　　　　　　　　　　,0
952,1,2,0,3,　　　　　　　　　　,0
953,1,2,0,4,　　　　　　　　　　,0
954,1,2,0,4,　　　　　　　　　　,0
955,1,2,0,4,アメリカ　　　　　　,0
956,1,2,0,4,フランス　　　　　　,0
957,1,2,0,4,　　　　　　　　　　,0
958,1,1,0,4,　　　　　　　　　　,0
959,1,2,0,4,　　　　　　　　　　,0
960,1,2,0,4,　　　　　　　　　　,0
961,1,2,0,3,　　　　　　　　　　,0
962,1,2,0,3,　　　　　　　　　　,0
963,1,2,0,3,　　　　　　　　　　,0
964,1,2,0,3,　　　　　　　　　　,0
965,1,2,0,3,　　　　　　　　　　,0
966,1,2,0,3,　　　　　　　　　　,0
967,1,2,0,3,川崎　　　　　　　　,0
968,1,2,0,4,　　　　　　　　　　,0
969,1,2,0,4,　　　　　　　　　　,0
970,1,2,0,4,　　　　　　　　　　,0
971,1,2,0,4,　　　　　　　　　　,0
972,1,2,0,4,　　　　　　　　　　,0
973,1,2,0,4,　　　　　　　　　　,0
974,1,2,0,4,アイルランド　　　　,0
975,1,2,0,3,　　　　　　　　　　,0
976,1,2,0,3,愛知　　　　　　　　,0
977,1,2,0,4,　　　　　　　　　　,0
978,1,2,0,4,　　　　　　　　　　,0
979,1,2,0,4,アメリカ　　　　　　,0
980,1,2,0,4,　　　　　　　　　　,0
981,1,2,0,4,イギリス　　　　　　,0
982,1,2,0,3,　　　　　　　　　　,0
983,1,2,0,3,　　　　　　　　　　,0
984,1,2,0,3,新潟　　　　　　　　,0
985,1,2,0,3,　　　　　　　　　　,0
986,1,2,0,3,　　　　　　　　　　,0
987,1,2,0,3,　　　　　　　　　　,0
989,1,2,0,4,　　　　　　　　　　,0
990,1,2,0,4,　　　　　　　　　　,0
991,1,2,0,4,　　　　　　　　　　,0
992,1,2,0,4,　　　　　　　　　　,0
993,1,2,0,4,　　　　　　　　　　,0
994,1,2,0,4,　　　　　　　　　　,0
995,1,2,0,4,　　　　　　　　　　,0
996,1,2,0,4,　　　　　　　　　　,0
997,1,2,0,4,その他の外国　　　　,0
998,1,2,0,4,　　　　　　　　　　,0
1001,1,1,0,1,　　　　　　　　　　,0
1002,1,1,0,2,　　　　　　　　　　,0
1003,1,1,0,2,　　　　　　　　　　,0
1006,1,1,0,2,　　　　　　　　　　,0
1007,1,1,0,1,　　　　　　　　　　,0
1011,1,2,0,2,　　　　　　　　　　,0
1012,2,1,0,1,　　　　　　　　　　,0
1013,1,1,0,2,　　　　　　　　　　,0
1016,2,1,0,2,　　　　　　　　　　,0
1017,2,1,0,1,　　　　　　　　　　,0
1020,1,2,0,1,　　　　　　　　　　,0
1021,2,1,0,1,　　　　　　　　　　,0
1022,1,1,0,2,　　　　　　　　　　,0
1023,1,1,0,1,　　　　　　　　　　,1027
1024,2,1,3,2,　　　　　　　　　　,0
1026,1,2,0,2,　　　　　　　　　　,0
1027,1,1,0,1,　　　　　　　　　　,0
1028,1,1,0,2,　　　　　　　　　　,0
1033,1,2,0,2,　　　　　　　　　　,0
1038,1,1,0,2,　　　　　　　　　　,0
1039,1,1,0,1,　　　　　　　　　　,0
1040,1,1,0,1,　　　　　　　　　　,0
1041,1,1,0,2,　　　　　　　　　　,0
1042,1,1,0,1,　　　　　　　　　　,0
1044,1,1,0,1,　　　　　　　　　　,0
1045,1,1,0,2,　　　　　　　　　　,0
1047,1,1,0,1,　　　　　　　　　　,0
1048,1,2,0,2,　　　　　　　　　　,0
1049,1,2,0,1,　　　　　　　　　　,0
1050,1,2,0,1,　　　　　　　　　　,0
1053,1,1,0,2,　　　　　　　　　　,0
1054,1,1,0,1,　　　　　　　　　　,0
1055,1,1,0,2,　　　　　　　　　　,0
1056,2,1,0,2,　　　　　　　　　　,0
1058,1,2,0,2,　　　　　　　　　　,0
1060,1,1,3,1,　　　　　　　　　　,0
1064,1,1,0,2,　　　　　　　　　　,0
1065,1,1,0,1,　　　　　　　　　　,0
1070,1,1,3,1,　　　　　　　　　　,0
1071,1,1,0,2,　　　　　　　　　　,0
1073,1,1,0,2,　　　　　　　　　　,0
1074,1,1,0,2,　　　　　　　　　　,0
1076,1,3,0,2,　　　　　　　　　　,0
1078,1,1,0,1,　　　　　　　　　　,0
1079,1,1,0,2,　　　　　　　　　　,0
1081,1,1,0,2,　　　　　　　　　　,0
1082,1,1,0,1,　　　　　　　　　　,405
1083,1,1,0,2,　　　　　　　　　　,0
1084,1,1,0,2,　　　　　　　　　　,0
1086,1,1,0,1,　　　　　　　　　　,0
1090,1,1,3,1,　　　　　　　　　　,0
1094,1,1,0,1,　　　　　　　　　　,0
1097,1,1,0,1,　　　　　　　　　　,1165
1098,1,1,0,1,　　　　　　　　　　,0
1100,1,1,0,1,　　　　　　　　　　,0
1103,1,1,0,2,　　　　　　　　　　,0
1104,1,1,0,1,　　　　　　　　　　,0
1106,1,1,0,1,　　　　　　　　　　,0
1107,1,1,0,2,　　　　　　　　　　,0
1110,1,1,0,1,　　　　　　　　　　,0
1111,1,2,0,2,　　　　　　　　　　,1144
1121,1,2,0,2,　　　　　　　　　　,0
1132,1,1,0,1,　　　　　　　　　　,0
1136,1,1,0,1,　　　　　　　　　　,0
1137,1,1,0,2,　　　　　　　　　　,0
1141,1,1,0,2,　　　　　　　　　　,0
1145,1,1,3,1,　　　　　　　　　　,0
1148,1,1,3,2,　　　　　　　　　　,0
1158,1,1,3,1,　　　　　　　　　　,1029
5000,1,2,0,3,川崎　　　　　　　　,0
5001,1,2,0,3,兵庫　　　　　　　　,0
5002,1,2,0,3,佐賀　　　　　　　　,0
5003,1,2,0,3,荒尾　　　　　　　　,0
5004,1,2,0,4,アメリカ　　　　　　,0
5005,1,2,0,4,オーストラリア　　　,0
5006,1,2,0,4,オーストラリア　　　,0
5007,1,2,0,4,アメリカ　　　　　　,0
5008,1,2,0,4,アメリカ　　　　　　,0
5009,1,2,0,4,イギリス　　　　　　,0
5010,1,2,0,4,イタリア　　　　　　,0
5011,1,2,0,4,オーストラリア　　　,0
5012,1,2,0,3,栃木　　　　　　　　,0
5014,1,2,0,4,韓国　　　　　　　　,0
5015,1,2,0,4,韓国　　　　　　　　,0
5016,1,3,0,4,オーストラリア　　　,0
5017,1,3,0,4,オーストラリア　　　,0
5018,1,2,0,4,イギリス　　　　　　,0
5019,1,2,0,3,高崎　　　　　　　　,0
5020,1,2,0,4,イタリア　　　　　　,0
5021,1,2,0,3,北海道　　　　　　　,0
5022,1,2,0,3,岩手　　　　　　　　,0
5023,1,2,0,3,岩手　　　　　　　　,0
5024,1,2,0,3,栃木　　　　　　　　,0
5025,1,2,0,3,中津　　　　　　　　,0
5026,1,2,0,3,北海道　　　　　　　,0
5027,1,2,0,3,高崎　　　　　　　　,0
5028,1,2,0,3,笠松　　　　　　　　,0
5029,1,2,0,3,新潟　　　　　　　　,0
5030,1,2,0,3,岩手　　　　　　　　,0
5031,1,2,0,4,フランス　　　　　　,0
5032,1,2,0,4,香港　　　　　　　　,0
5033,1,2,0,4,アメリカ　　　　　　,0
5034,1,2,0,4,イギリス　　　　　　,0
5035,1,2,0,4,ニュージーランド　　,0
5036,1,2,0,4,カナダ　　　　　　　,0
5037,1,2,0,3,金沢　　　　　　　　,0
5038,1,2,0,3,荒尾　　　　　　　　,0
5039,1,2,0,4,アイルランド　　　　,0
5040,2,2,0,4,ニュージーランド　　,0
5041,1,2,0,3,北海道　　　　　　　,0
5042,1,2,0,3,荒尾　　　　　　　　,0
5043,1,2,0,3,笠松　　　　　　　　,0
5044,1,2,0,4,韓国　　　　　　　　,0
5045,1,3,0,4,イギリス　　　　　　,0
5046,1,3,0,4,オーストラリア　　　,0
5047,1,3,0,4,オーストラリア　　　,0
5048,1,2,0,3,高崎　　　　　　　　,0
5049,1,2,0,4,その他の外国　　　　,0
5050,1,2,0,4,その他の外国　　　　,0
5051,1,2,0,4,その他の外国　　　　,0
5052,1,2,0,4,インド　　　　　　　,0
5053,1,2,0,3,愛知　　　　　　　　,0
5054,1,2,0,3,北海道　　　　　　　,0
5055,1,2,0,3,北海道　　　　　　　,0
5056,1,2,0,3,北海道　　　　　　　,0
5057,1,2,0,3,佐賀　　　　　　　　,0
5058,1,2,0,3,佐賀　　　　　　　　,0
5059,1,2,0,3,北海道　　　　　　　,0
5060,1,2,0,3,岩手　　　　　　　　,0
5061,1,2,0,4,オーストラリア　　　,0
5062,1,2,0,3,大井　　　　　　　　,0
5063,1,2,0,3,高崎　　　　　　　　,0
5064,1,2,0,3,浦和　　　　　　　　,0
5065,1,2,0,3,新潟　　　　　　　　,0
5066,1,2,0,4,イギリス　　　　　　,0
5067,1,2,0,4,ニュージーランド　　,0
5068,1,2,0,3,佐賀　　　　　　　　,0
5069,2,2,0,3,北海道　　　　　　　,0
5070,1,2,0,3,高崎　　　　　　　　,0
5071,1,2,0,3,浦和　　　　　　　　,0
5072,1,2,0,3,大井　　　　　　　　,0
5073,1,2,0,3,北海道　　　　　　　,0
5074,1,2,0,3,高知　　　　　　　　,0
5075,1,2,0,4,韓国　　　　　　　　,0
5076,1,2,0,4,韓国　　　　　　　　,0
5077,1,3,0,4,アイルランド　　　　,0
5078,1,2,0,3,新潟　　　　　　　　,0
5079,1,2,0,3,新潟　　　　　　　　,0
5080,1,2,0,4,その他の外国　　　　,0
5081,1,2,0,4,その他の外国　　　　,0
5082,1,2,0,4,その他の外国　　　　,0
5083,1,2,0,4,香港　　　　　　　　,0
5084,1,2,0,4,インド　　　　　　　,0
5085,1,2,0,3,上山　　　　　　　　,0
5086,1,2,0,3,愛知　　　　　　　　,0
5087,1,2,0,3,上山　　　　　　　　,0
5088,1,2,0,3,北海道　　　　　　　,0
5089,1,2,0,3,北海道　　　　　　　,0
5090,1,2,0,3,北海道　　　　　　　,0
5091,1,2,0,3,北海道　　　　　　　,0
5092,1,2,0,3,北海道　　　　　　　,0
5093,1,2,0,3,高崎　　　　　　　　,0
5094,1,2,0,3,北海道　　　　　　　,0
5095,1,2,0,3,北海道　　　　　　　,0
5096,1,2,0,3,北海道　　　　　　　,0
5097,1,2,0,3,愛知　　　　　　　　,0
5098,1,2,0,3,佐賀　　　　　　　　,0
5099,1,2,0,3,佐賀　　　　　　　　,0
5100,1,2,0,3,高崎　　　　　　　　,0
5101,1,2,0,3,北海道　　　　　　　,0
5102,1,2,0,3,兵庫　　　　　　　　,0
5103,1,2,0,3,北海道　　　　　　　,0
5104,1,2,0,3,北海道　　　　　　　,0
5105,1,2,0,3,笠松　　　　　　　　,0
5106,1,2,0,3,愛知　　　　　　　　,0
5107,1,2,0,3,新潟　　　　　　　　,0
5108,1,2,0,3,上山　　　　　　　　,0
5109,1,2,0,3,浦和　　　　　　　　,0
5110,1,2,0,3,岩手　　　　　　　　,0
5111,1,2,0,3,愛知　　　　　　　　,0
5112,1,2,0,3,船橋　　　　　　　　,0
5113,1,2,0,3,岩手　　　　　　　　,0
5114,1,2,0,3,愛知　　　　　　　　,0
5115,1,2,0,4,ドイツ　　　　　　　,0
5116,1,2,0,4,アメリカ　　　　　　,0
5117,1,2,0,4,アメリカ　　　　　　,0
5118,1,2,0,4,アメリカ　　　　　　,0
5119,1,2,0,3,岩手　　　　　　　　,0
5120,1,2,0,3,愛知　　　　　　　　,0
5121,1,2,0,3,岩手　　　　　　　　,0
5122,1,2,0,3,愛知　　　　　　　　,0
5123,1,2,0,3,新潟　　　　　　　　,0
5124,1,2,0,3,船橋　　　　　　　　,0
5125,1,2,0,3,上山　　　　　　　　,0
5126,1,3,0,4,アイルランド　　　　,0
5127,1,2,0,3,高崎　　　　　　　　,0
5128,1,2,0,3,愛知　　　　　　　　,0
5129,1,2,0,4,その他の外国　　　　,0
5130,1,2,0,4,その他の外国　　　　,0
5131,1,2,0,4,インド　　　　　　　,0
5132,1,2,0,4,その他の外国　　　　,0
5133,1,2,0,4,その他の外国　　　　,0
5134,1,2,0,3,愛知　　　　　　　　,0
5135,1,2,0,4,香港　　　　　　　　,0
5136,1,2,0,3,高崎　　　　　　　　,0
5137,1,2,0,3,浦和　　　　　　　　,0
5138,1,2,0,3,上山　　　　　　　　,0
5139,1,2,0,3,愛知　　　　　　　　,0
5140,1,2,0,3,北海道　　　　　　　,0
5141,1,2,0,3,北海道　　　　　　　,0
5142,1,2,0,3,笠松　　　　　　　　,0
5143,1,2,0,3,新潟　　　　　　　　,0
5144,1,2,0,3,北海道　　　　　　　,0
5145,1,2,0,3,上山　　　　　　　　,0
5146,1,2,0,3,新潟　　　　　　　　,0
5147,1,2,0,3,佐賀　　　　　　　　,0
5148,1,2,0,3,岩手　　　　　　　　,0
5149,1,2,0,3,愛知　　　　　　　　,0
5150,2,2,0,3,岩手　　　　　　　　,0
5151,1,2,0,3,新潟　　　　　　　　,0
5152,1,2,0,3,笠松　　　　　　　　,0
5153,1,2,0,3,上山　　　　　　　　,0
5154,1,2,0,3,愛知　　　　　　　　,0
5155,1,2,0,3,愛知　　　　　　　　,0
5156,1,2,0,3,岩手　　　　　　　　,0
5157,1,2,0,4,ドイツ　　　　　　　,0
5158,1,2,0,4,ニュージーランド　　,0
5159,1,2,0,3,愛知　　　　　　　　,0
5160,1,2,0,3,愛知　　　　　　　　,0
5161,1,2,0,3,笠松　　　　　　　　,0
5162,1,2,0,4,イギリス　　　　　　,0
5163,1,2,0,3,岩手　　　　　　　　,0
5164,1,2,0,3,愛知　　　　　　　　,0
5165,1,2,0,3,大井　　　　　　　　,0
5166,1,2,0,3,笠松　　　　　　　　,0
5167,1,2,0,3,佐賀　　　　　　　　,0
5168,2,3,0,4,フランス　　　　　　,0
5169,1,3,0,4,アイルランド　　　　,0
5170,1,3,0,4,オーストラリア　　　,0
5171,1,2,0,3,愛知　　　　　　　　,0
5172,2,2,0,3,高崎　　　　　　　　,0
5173,1,2,0,4,イギリス　　　　　　,0
5174,1,2,0,4,その他の外国　　　　,0
5175,1,2,0,4,その他の外国　　　　,0
5176,1,2,0,4,香港　　　　　　　　,0
5177,1,2,0,4,その他の外国　　　　,0
5178,1,2,0,3,浦和　　　　　　　　,0
5179,1,2,0,3,北海道　　　　　　　,0
5180,1,2,0,3,船橋　　　　　　　　,0
5181,1,2,0,4,香港　　　　　　　　,0
5182,1,2,0,3,北海道　　　　　　　,0
5183,1,2,0,3,岩手　　　　　　　　,0
5184,1,2,0,4,ドイツ　　　　　　　,0
5185,1,2,0,3,兵庫　　　　　　　　,0
5186,1,2,0,3,北海道　　　　　　　,0
5187,2,2,0,3,新潟　　　　　　　　,0
5188,1,2,0,3,上山　　　　　　　　,0
5189,1,2,0,3,荒尾　　　　　　　　,0
5191,1,2,0,3,新潟　　　　　　　　,0
5192,1,2,0,3,荒尾　　　　　　　　,0
5193,1,2,0,3,佐賀　　　　　　　　,0
5194,1,2,0,3,愛知　　　　　　　　,0
5195,1,2,0,3,愛知　　　　　　　　,0
5196,2,2,0,3,愛知　　　　　　　　,0
5197,1,2,0,3,高崎　　　　　　　　,0
5198,1,2,0,3,上山　　　　　　　　,0
5199,1,2,0,3,船橋　　　　　　　　,0
5200,1,2,0,3,荒尾　　　　　　　　,0
5201,1,2,0,3,高崎　　　　　　　　,0
5202,1,2,0,3,新潟　　　　　　　　,0
5204,1,2,0,3,上山　　　　　　　　,0
5205,1,2,0,3,高崎　　　　　　　　,0
5206,1,2,0,3,船橋　　　　　　　　,0
5207,1,2,0,3,高崎　　　　　　　　,0
5208,1,2,0,3,兵庫　　　　　　　　,0
5209,1,2,0,3,栃木　　　　　　　　,0
5210,1,2,0,3,佐賀　　　　　　　　,0
5211,2,2,0,3,中津　　　　　　　　,0
5213,1,2,0,4,アメリカ　　　　　　,0
5214,1,2,0,4,ニュージーランド　　,0
5215,1,2,0,3,栃木　　　　　　　　,0
5216,1,2,0,3,高崎　　　　　　　　,0
5217,1,2,0,3,兵庫　　　　　　　　,0
5218,1,2,0,3,岩手　　　　　　　　,0
5219,1,2,0,3,高崎　　　　　　　　,0
5220,1,3,0,4,フランス　　　　　　,0
5221,1,2,0,3,岩手　　　　　　　　,0
5222,1,2,0,3,川崎　　　　　　　　,0
5223,1,2,0,2,　　　　　　　　　　,0
5224,1,2,0,3,中津　　　　　　　　,0
5225,1,2,0,3,笠松　　　　　　　　,0
5226,1,2,0,3,笠松　　　　　　　　,0
5227,1,2,0,3,浦和　　　　　　　　,0
5228,1,2,0,3,兵庫　　　　　　　　,0
5229,1,2,0,3,佐賀　　　　　　　　,0
5230,1,2,0,3,川崎　　　　　　　　,0
5231,1,3,0,4,アメリカ　　　　　　,0
5232,1,3,0,4,イギリス　　　　　　,0
5233,1,3,0,4,イギリス　　　　　　,0
5234,1,3,0,4,フランス　　　　　　,0
5235,1,3,0,4,フランス　　　　　　,0
5236,1,3,0,4,アイルランド　　　　,0
5237,1,3,0,4,オーストラリア　　　,0
5238,2,2,0,3,高崎　　　　　　　　,0
5239,1,2,0,3,愛知　　　　　　　　,0
5240,1,2,0,3,愛知　　　　　　　　,0
5241,1,2,0,3,金沢　　　　　　　　,0
5242,1,2,0,4,フランス　　　　　　,0
5243,1,2,0,1,　　　　　　　　　　,0
5244,1,2,0,4,シンガポール　　　　,0
5245,1,2,0,3,愛知　　　　　　　　,0
5246,1,2,0,4,ドイツ　　　　　　　,0
5247,2,2,0,4,ドイツ　　　　　　　,0
5248,1,2,0,3,浦和　　　　　　　　,0
5249,1,2,0,3,船橋　　　　　　　　,0
5250,1,2,0,4,韓国　　　　　　　　,0
5251,1,2,0,4,その他の外国　　　　,0
5252,1,2,0,4,その他の外国　　　　,0
5253,1,2,0,4,香港　　　　　　　　,0
5254,1,2,0,3,荒尾　　　　　　　　,0
5255,1,2,0,3,佐賀　　　　　　　　,0
5256,1,2,0,3,佐賀　　　　　　　　,0
5257,1,2,0,3,荒尾　　　　　　　　,0
5258,1,2,0,3,岩手　　　　　　　　,0
5259,1,2,0,3,兵庫　　　　　　　　,0
5260,1,2,0,3,金沢　　　　　　　　,0
5261,1,2,0,3,上山　　　　　　　　,0
5262,1,2,0,3,岩手　　　　　　　　,0
5263,1,2,0,3,兵庫　　　　　　　　,0
5264,1,2,0,4,イギリス　　　　　　,0
5265,1,2,0,3,金沢　　　　　　　　,0
5266,1,2,0,4,アメリカ　　　　　　,0
5267,1,2,0,4,アメリカ　　　　　　,0
5268,1,2,0,3,笠松　　　　　　　　,0
5269,1,2,0,3,浦和　　　　　　　　,0
5270,1,2,0,3,兵庫　　　　　　　　,0
5271,1,2,0,4,フランス　　　　　　,0
5272,1,2,0,3,川崎　　　　　　　　,0
5273,1,2,0,3,佐賀　　　　　　　　,0
5274,1,2,0,3,愛知　　　　　　　　,0
5275,1,3,0,4,ニュージーランド　　,0
5276,1,2,0,3,荒尾　　　　　　　　,0
5277,1,2,0,3,金沢　　　　　　　　,0
5278,1,2,0,3,中津　　　　　　　　,0
5279,2,3,0,4,アメリカ　　　　　　,0
5280,1,2,0,3,上山　　　　　　　　,0
5281,1,2,0,3,川崎　　　　　　　　,0
5282,1,2,0,3,兵庫　　　　　　　　,0
5283,1,2,0,3,川崎　　　　　　　　,0
5284,1,2,0,4,香港　　　　　　　　,0
5285,1,2,0,4,オーストラリア　　　,0
5286,1,2,0,3,北海道　　　　　　　,0
5287,1,2,0,3,川崎　　　　　　　　,0
5288,1,2,0,3,岩手　　　　　　　　,0
5289,1,2,0,3,佐賀　　　　　　　　,0
5290,1,2,0,3,新潟　　　　　　　　,0
5291,1,2,0,3,佐賀　　　　　　　　,0
5292,1,2,0,3,金沢　　　　　　　　,0
5293,1,2,0,3,荒尾　　　　　　　　,0
5294,1,2,0,3,岩手　　　　　　　　,0
5295,1,2,0,3,北海道　　　　　　　,0
5296,1,2,0,3,金沢　　　　　　　　,0
5297,1,2,0,4,アメリカ　　　　　　,0
5298,1,2,0,3,栃木　　　　　　　　,0
5299,1,2,0,3,川崎　　　　　　　　,0
5300,1,2,0,3,岩手　　　　　　　　,0
5301,1,2,0,3,金沢　　　　　　　　,0
5302,1,2,0,4,ドイツ　　　　　　　,0
5303,1,2,0,3,兵庫　　　　　　　　,0
5304,1,2,0,4,アメリカ　　　　　　,0
5305,1,2,0,4,アイルランド　　　　,0
5306,1,2,0,4,香港　　　　　　　　,0
5307,1,2,0,4,ニュージーランド　　,0
5308,1,2,0,3,笠松　　　　　　　　,0
5309,1,2,0,3,兵庫　　　　　　　　,0
5310,1,3,0,4,ニュージーランド　　,0
5311,1,2,0,3,兵庫　　　　　　　　,0
5312,1,2,0,3,栃木　　　　　　　　,0
5313,1,2,0,3,高崎　　　　　　　　,0
5314,1,2,0,4,イタリア　　　　　　,0
5315,1,2,0,3,栃木　　　　　　　　,0
5316,1,2,0,4,イギリス　　　　　　,0
5317,1,2,0,3,兵庫　　　　　　　　,0
5318,1,3,0,4,ニュージーランド　　,0
5319,1,3,0,4,フランス　　　　　　,0
5320,1,3,0,4,フランス　　　　　　,0
5321,2,2,0,4,ニュージーランド　　,0
5322,1,3,0,4,イギリス　　　　　　,0
5323,1,3,0,4,イギリス　　　　　　,0
5324,1,2,0,3,愛知　　　　　　　　,0
5325,1,2,0,4,香港　　　　　　　　,0
5326,1,2,0,3,兵庫　　　　　　　　,0
5327,1,2,0,3,上山　　　　　　　　,0
5328,1,2,0,3,兵庫　　　　　　　　,0
5329,1,2,0,3,佐賀　　　　　　　　,0
5330,1,2,0,3,荒尾　　　　　　　　,0
5331,1,2,0,3,高崎　　　　　　　　,0
5332,1,2,0,3,金沢　　　　　　　　,0
5333,1,2,0,3,金沢　　　　　　　　,0
5334,2,3,0,4,ニュージーランド　　,0
5335,1,2,0,4,フランス　　　　　　,0
5336,1,2,0,4,イタリア　　　　　　,0
5337,1,2,0,4,南アフリカ　　　　　,0
5338,1,2,0,3,兵庫　　　　　　　　,0
5340,1,2,0,3,川崎　　　　　　　　,0
5341,1,2,0,3,船橋　　　　　　　　,0
5342,1,2,0,3,船橋　　　　　　　　,0
5343,1,2,0,3,愛知　　　　　　　　,0
5344,1,3,0,4,ニュージーランド　　,0
5345,1,2,0,3,笠松　　　　　　　　,0
5346,1,3,0,4,イギリス　　　　　　,0
5347,1,2,0,3,浦和　　　　　　　　,0
5348,1,2,0,3,浦和　　　　　　　　,0
5349,1,2,0,3,金沢　　　　　　　　,0
5350,1,2,0,3,川崎　　　　　　　　,0
5351,1,2,0,3,北海道　　　　　　　,0
5352,1,2,0,3,船橋　　　　　　　　,0
5353,1,2,0,4,フランス　　　　　　,0
5354,1,2,0,3,兵庫　　　　　　　　,0
5355,1,2,0,4,オーストラリア　　　,0
5356,1,2,0,4,アメリカ　　　　　　,0
5357,1,2,0,3,浦和　　　　　　　　,0
5358,1,2,0,3,船橋　　　　　　　　,0
5359,1,3,0,4,イタリア　　　　　　,0
5360,1,2,0,3,荒尾　　　　　　　　,0
5361,1,3,0,4,アメリカ　　　　　　,0
5362,1,3,0,4,オーストラリア　　　,0
5363,2,3,0,4,ニュージーランド　　,0
5364,1,2,0,3,兵庫　　　　　　　　,0
5365,1,2,0,3,川崎　　　　　　　　,0
5366,1,2,0,4,イギリス　　　　　　,0
5367,1,2,0,4,アメリカ　　　　　　,0
5368,1,2,0,3,笠松　　　　　　　　,0
5369,1,2,0,3,荒尾　　　　　　　　,0
5370,1,2,0,3,愛知　　　　　　　　,0
5371,1,2,0,3,北海道　　　　　　　,0
5372,1,3,0,4,ニュージーランド　　,0
5373,1,2,0,4,イギリス　　　　　　,0
5374,1,2,0,4,イギリス　　　　　　,0
5375,1,2,0,4,イギリス　　　　　　,0
5376,1,2,0,4,フランス　　　　　　,0
5377,1,2,0,4,フランス　　　　　　,0
5378,1,2,0,4,オーストラリア　　　,0
5379,1,2,0,3,兵庫　　　　　　　　,0
5380,1,2,0,3,大井　　　　　　　　,0
5381,1,2,0,3,兵庫　　　　　　　　,0
5382,1,2,0,3,岩手　　　　　　　　,0
5383,1,2,0,3,笠松　　　　　　　　,0
5384,1,2,0,3,愛知　　　　　　　　,0
5385,1,2,0,4,香港　　　　　　　　,0
5387,1,2,0,3,金沢　　　　　　　　,0
5388,2,2,0,3,北海道　　　　　　　,0
5389,1,2,0,3,北海道　　　　　　　,0
5390,1,2,0,3,兵庫　　　　　　　　,0
5391,1,2,0,4,アメリカ　　　　　　,0
5392,1,2,0,4,アメリカ　　　　　　,0
5393,1,2,0,4,アメリカ　　　　　　,0
5394,1,2,0,4,ニュージーランド　　,0
5395,1,2,0,4,イタリア　　　　　　,0
5396,1,2,0,3,大井　　　　　　　　,0
5397,1,2,0,3,荒尾　　　　　　　　,0
5398,1,2,0,3,笠松　　　　　　　　,0
5399,1,2,0,3,大井　　　　　　　　,0
5400,1,3,0,4,フランス　　　　　　,0
5401,1,3,0,4,ニュージーランド　　,0
5402,1,2,0,3,船橋　　　　　　　　,0
5403,1,2,0,3,大井　　　　　　　　,0
5404,1,2,0,3,大井　　　　　　　　,0
5405,1,2,0,3,兵庫　　　　　　　　,0
5406,2,2,0,3,愛知　　　　　　　　,0
5407,1,2,0,4,香港　　　　　　　　,0
5408,1,2,0,3,笠松　　　　　　　　,0
5409,1,2,0,3,大井　　　　　　　　,0
5410,1,2,0,3,高知　　　　　　　　,0
5411,1,2,0,3,北海道　　　　　　　,0
5412,1,2,0,4,オーストラリア　　　,0
5413,1,2,0,3,北海道　　　　　　　,0
5414,1,2,0,3,北海道　　　　　　　,0
5415,1,2,0,4,アメリカ　　　　　　,0
5416,1,2,0,4,オーストラリア　　　,0
5417,1,2,0,3,荒尾　　　　　　　　,0
5418,1,2,0,3,笠松　　　　　　　　,0
5419,1,2,0,3,兵庫　　　　　　　　,0
5420,1,2,0,3,大井　　　　　　　　,0
5421,1,2,0,3,笠松　　　　　　　　,0
5422,1,2,0,4,シンガポール　　　　,0
5423,1,2,0,3,大井　　　　　　　　,0
5424,1,2,0,4,イギリス　　　　　　,0
5425,1,2,0,4,アメリカ　　　　　　,0
5426,1,2,0,4,ドイツ　　　　　　　,0
5427,1,2,0,4,アメリカ　　　　　　,0
5428,1,2,0,3,船橋　　　　　　　　,0
5430,1,3,0,4,アメリカ　　　　　　,0
5431,1,3,0,4,フランス　　　　　　,0
5432,1,2,0,3,笠松　　　　　　　　,0
5433,1,2,0,4,香港　　　　　　　　,0
5434,1,2,0,3,荒尾　　　　　　　　,0
5435,1,2,0,3,愛知　　　　　　　　,0
5436,1,2,0,4,ドイツ　　　　　　　,0
5437,1,2,0,4,カナダ　　　　　　　,0
5438,1,2,0,3,岩手　　　　　　　　,0
5439,1,2,0,4,アメリカ　　　　　　,0
5440,1,2,0,4,アメリカ　　　　　　,0
5441,1,2,0,4,アメリカ　　　　　　,0
5442,1,2,0,4,オーストラリア　　　,0
5443,1,2,0,3,船橋　　　　　　　　,0
5444,1,2,0,3,船橋　　　　　　　　,0
5445,1,2,0,3,岩手　　　　　　　　,0
5446,1,2,0,4,オーストラリア　　　,0
5447,1,2,0,4,フランス　　　　　　,0
5448,1,2,0,4,アメリカ　　　　　　,0
5449,1,2,0,4,アメリカ　　　　　　,0
5450,1,2,0,4,アメリカ　　　　　　,0
5451,1,2,0,3,笠松　　　　　　　　,0
5452,1,2,0,3,船橋　　　　　　　　,0
5453,1,3,0,4,オーストラリア　　　,0
5454,1,2,0,4,香港　　　　　　　　,0
5455,1,2,0,3,川崎　　　　　　　　,0
5456,1,2,0,3,荒尾　　　　　　　　,0
5457,1,2,0,3,荒尾　　　　　　　　,0
5458,1,2,0,3,愛知　　　　　　　　,0
5459,1,2,0,3,船橋　　　　　　　　,0
5460,1,2,0,4,ニュージーランド　　,0
5461,1,2,0,4,香港　　　　　　　　,0
5462,1,2,0,3,岩手　　　　　　　　,0
5463,1,2,0,3,岩手　　　　　　　　,0
5464,1,2,0,4,フランス　　　　　　,0
5465,1,2,0,4,香港　　　　　　　　,0
5466,1,2,0,4,イギリス　　　　　　,0
5467,1,2,0,4,フランス　　　　　　,0
5468,1,2,0,4,カナダ　　　　　　　,0
5469,1,2,0,4,フランス　　　　　　,0
5470,1,2,0,4,アイルランド　　　　,0
5471,1,2,0,4,アイルランド　　　　,0
5472,1,2,0,4,フランス　　　　　　,0
5473,1,2,0,4,フランス　　　　　　,0
5474,1,2,0,3,兵庫　　　　　　　　,0
5475,1,2,0,4,イタリア　　　　　　,0
5476,1,2,0,3,金沢　　　　　　　　,0
5477,1,2,0,3,北海道　　　　　　　,0
5478,1,2,0,3,佐賀　　　　　　　　,0
5479,1,2,0,4,香港　　　　　　　　,0
5480,1,2,0,3,岩手　　　　　　　　,0
5481,1,2,0,3,高知　　　　　　　　,0
5482,1,2,0,3,兵庫　　　　　　　　,0
5483,1,2,0,4,アメリカ　　　　　　,0
5484,1,2,0,4,イギリス　　　　　　,0
5485,1,2,0,4,ドイツ　　　　　　　,0
5486,1,2,0,4,オーストラリア　　　,0
5487,1,2,0,4,イギリス　　　　　　,0
5488,1,2,0,3,船橋　　　　　　　　,0
5489,1,2,0,3,愛知　　　　　　　　,0
5490,1,2,0,3,岩手　　　　　　　　,0
5491,1,2,0,3,佐賀　　　　　　　　,0
5492,1,2,0,3,北海道　　　　　　　,0
5493,1,2,0,4,シンガポール　　　　,0
5494,1,2,0,4,イギリス　　　　　　,0
5495,1,2,0,4,イギリス　　　　　　,0
5496,1,2,0,3,川崎　　　　　　　　,0
5497,1,2,0,4,アイルランド　　　　,0
5498,1,2,0,4,フランス　　　　　　,0
5499,1,3,0,4,アイルランド　　　　,0
5500,1,2,0,3,船橋　　　　　　　　,0
5501,1,2,0,3,佐賀　　　　　　　　,0
5502,1,2,0,3,北海道　　　　　　　,0
5503,1,2,0,3,金沢　　　　　　　　,0
5504,1,2,0,4,フランス　　　　　　,0
5505,1,3,0,4,オーストラリア　　　,0
5506,2,2,0,3,高知　　　　　　　　,0
5507,1,2,0,3,大井　　　　　　　　,0
5508,1,2,0,3,笠松　　　　　　　　,0
5509,1,2,0,4,香港　　　　　　　　,0
5510,1,2,0,4,オーストラリア　　　,0
5511,1,2,0,4,イタリア　　　　　　,0
5512,1,2,0,3,北海道　　　　　　　,0
5513,1,2,0,4,イタリア　　　　　　,0
5514,1,2,0,4,フランス　　　　　　,0
5515,1,2,0,4,アイルランド　　　　,0
5516,1,2,0,4,カナダ　　　　　　　,0
5517,1,2,0,4,ドイツ　　　　　　　,0
5518,1,2,0,4,ドイツ　　　　　　　,0
5519,1,2,0,4,カナダ　　　　　　　,0
5520,1,2,0,4,オーストラリア　　　,0
5521,1,2,0,3,笠松　　　　　　　　,0
5522,1,2,0,3,北海道　　　　　　　,0
5523,1,2,0,3,笠松　　　　　　　　,0
5524,1,2,0,3,大井　　　　　　　　,0
5525,1,2,0,3,北海道　　　　　　　,0
5526,2,2,0,4,イギリス　　　　　　,0
5527,1,2,0,4,イギリス　　　　　　,0
5528,1,2,0,4,オーストラリア　　　,0
5530,1,2,0,3,兵庫　　　　　　　　,0
5531,1,2,0,4,アイルランド　　　　,0
5532,1,2,0,4,フランス　　　　　　,0
5533,1,2,0,4,香港　　　　　　　　,0
5534,1,2,0,3,北海道　　　　　　　,0
5535,2,2,0,4,カナダ　　　　　　　,0
5536,1,2,0,3,高知　　　　　　　　,0
5537,1,2,0,4,ドイツ　　　　　　　,0
5538,1,2,0,4,フランス　　　　　　,0
5539,1,2,0,3,大井　　　　　　　　,0
5540,1,2,0,3,大井　　　　　　　　,0
5541,1,2,0,3,船橋　　　　　　　　,0
5542,1,2,0,3,岩手　　　　　　　　,0
5543,1,2,0,3,愛知　　　　　　　　,0
5544,1,2,0,3,北海道　　　　　　　,0
5545,1,2,0,3,北海道　　　　　　　,0
5546,2,2,0,4,オーストラリア　　　,0
5547,1,2,0,4,オーストラリア　　　,0
5548,1,2,0,3,佐賀　　　　　　　　,0
5549,1,2,0,3,船橋　　　　　　　　,0
5550,1,2,0,4,ドイツ　　　　　　　,0
5551,1,2,0,4,オーストラリア　　　,0
5552,1,2,0,3,岩手　　　　　　　　,0
5553,1,2,0,3,浦和　　　　　　　　,0
5554,1,2,0,3,船橋　　　　　　　　,0
5555,1,2,0,3,川崎　　　　　　　　,0
5556,1,2,0,3,金沢　　　　　　　　,0
5557,1,2,0,3,愛知　　　　　　　　,0
5558,1,2,0,3,笠松　　　　　　　　,0
5559,1,2,0,3,大井　　　　　　　　,0
5560,1,2,0,3,岩手　　　　　　　　,0
5561,1,2,0,3,浦和　　　　　　　　,0
5562,1,2,0,3,佐賀　　　　　　　　,0
5563,1,2,0,3,川崎　　　　　　　　,0
5564,1,2,0,3,岩手　　　　　　　　,0
5565,1,2,0,3,佐賀　　　　　　　　,0
